{"stats":{"minecraft:dropped":{"minecraft:stone_button":2,"minecraft:lime_concrete":1,"minecraft:command_block":1,"minecraft:redstone_block":1,"minecraft:redstone":11},"minecraft:custom":{"minecraft:time_since_rest":34236,"minecraft:damage_taken":21585,"minecraft:sprint_one_cm":219639,"minecraft:walk_one_cm":318793,"minecraft:mob_kills":25,"minecraft:drop":16,"minecraft:inspect_hopper":37,"minecraft:damage_dealt":3302,"minecraft:interact_with_cartography_table":1,"minecraft:fly_one_cm":2303278,"minecraft:crouch_one_cm":17423,"minecraft:play_one_minute":525606,"minecraft:open_shulker_box":3,"minecraft:deaths":48,"minecraft:sneak_time":21902,"minecraft:walk_under_water_one_cm":3269,"minecraft:jump":3780,"minecraft:eat_cake_slice":2,"minecraft:leave_game":56,"minecraft:walk_on_water_one_cm":197677,"minecraft:time_since_death":33810,"minecraft:climb_one_cm":2843,"minecraft:fall_one_cm":29065,"minecraft:inspect_dispenser":1},"minecraft:mined":{"minecraft:repeater":1,"minecraft:glass":1},"minecraft:picked_up":{"minecraft:sandstone":6,"minecraft:redstone_block":1,"minecraft:feather":2,"minecraft:repeater":2,"minecraft:prismarine_shard":1,"minecraft:salmon":1,"minecraft:lead":1,"minecraft:lime_concrete":1,"minecraft:stone_button":6,"minecraft:gunpowder":182,"minecraft:redstone":1,"minecraft:string":21,"minecraft:command_block":1,"minecraft:cod":1},"minecraft:used":{"minecraft:creeper_spawn_egg":135,"minecraft:redstone_torch":1,"minecraft:enderman_spawn_egg":2,"minecraft:glass":61,"minecraft:wooden_axe":4,"minecraft:lever":4,"minecraft:black_concrete":282,"minecraft:command_block":46,"minecraft:map":2,"minecraft:grass_block":98,"minecraft:stone_button":5,"minecraft:redstone":11,"minecraft:smooth_sandstone":64,"minecraft:cartography_table":1,"minecraft:oak_sign":22,"minecraft:sandstone":353,"minecraft:redstone_block":6,"minecraft:oak_pressure_plate":1,"minecraft:parrot_spawn_egg":1,"minecraft:item_frame":12,"minecraft:repeater":38,"minecraft:lime_concrete":946,"minecraft:comparator":13,"minecraft:guardian_spawn_egg":1,"minecraft:hopper":28,"minecraft:phantom_spawn_egg":1,"minecraft:repeating_command_block":5,"minecraft:endermite_spawn_egg":25,"minecraft:observer":9,"minecraft:netherite_sword":30,"minecraft:sticky_piston":4},"minecraft:killed_by":{"minecraft:creeper":45},"minecraft:killed":{"minecraft:guardian":1,"minecraft:parrot":1,"minecraft:endermite":14,"minecraft:creeper":2,"minecraft:phantom":1}},"DataVersion":2586}