{"stats":{"minecraft:dropped":{"minecraft:lead":1,"minecraft:bone_meal":1,"minecraft:smooth_sandstone_slab":1,"minecraft:smooth_sandstone":1},"minecraft:custom":{"minecraft:time_since_rest":294,"minecraft:sprint_one_cm":159786,"minecraft:damage_taken":23945,"minecraft:walk_one_cm":358335,"minecraft:drop":4,"minecraft:damage_dealt":200,"minecraft:minecart_one_cm":261,"minecraft:fly_one_cm":934083,"minecraft:fill_cauldron":1,"minecraft:crouch_one_cm":66170,"minecraft:play_one_minute":261590,"minecraft:deaths":51,"minecraft:sneak_time":6483,"minecraft:walk_under_water_one_cm":151,"minecraft:pot_flower":1,"minecraft:jump":3700,"minecraft:eat_cake_slice":4,"minecraft:leave_game":20,"minecraft:walk_on_water_one_cm":178958,"minecraft:time_since_death":270,"minecraft:climb_one_cm":5641,"minecraft:fall_one_cm":19278,"minecraft:inspect_dispenser":14},"minecraft:mined":{"minecraft:glass":3},"minecraft:crafted":{"minecraft:leather_chestplate":12},"minecraft:picked_up":{"minecraft:filled_map":6,"minecraft:gunpowder":94,"minecraft:string":32,"minecraft:smooth_sandstone_slab":1,"minecraft:item_frame":6,"minecraft:smooth_sandstone":1,"minecraft:bone_meal":1},"minecraft:used":{"minecraft:shroomlight":19,"minecraft:creeper_spawn_egg":509,"minecraft:oak_log":27,"minecraft:jungle_sapling":61,"minecraft:sticky_piston":1,"minecraft:glass":51,"minecraft:piston":7,"minecraft:flower_pot":1,"minecraft:water_bucket":25,"minecraft:lever":11,"minecraft:sea_lantern":11,"minecraft:black_concrete":28,"minecraft:sandstone_stairs":2,"minecraft:lime_carpet":22,"minecraft:lantern":3,"minecraft:oak_stairs":18,"minecraft:grass_block":14,"minecraft:dispenser":7,"minecraft:lime_wool":6,"minecraft:smooth_sandstone":135,"minecraft:stone_button":1,"minecraft:oak_sign":3,"minecraft:smooth_sandstone_slab":3,"minecraft:sandstone":39,"minecraft:spruce_trapdoor":6,"minecraft:cauldron":1,"minecraft:cat_spawn_egg":54,"minecraft:player_head":1,"minecraft:green_carpet":10,"minecraft:rail":7,"minecraft:rabbit_spawn_egg":3,"minecraft:potion":4,"minecraft:lime_concrete":183,"minecraft:oak_slab":4,"minecraft:birch_sign":9,"minecraft:minecart":7,"minecraft:stripped_oak_log":20,"minecraft:cake":28,"minecraft:bone_meal":347,"minecraft:milk_bucket":1},"minecraft:killed_by":{"minecraft:creeper":49}},"DataVersion":2586}